{
  "parent": "living:adventure/more_green",
  "display": {
    "icon": {
      "item": "minecraft:tnt_minecart"
    },
    "title": "\u9053\u8def\u5343\u4e07\u6761\uff0c\u5b89\u5168\u7b2c\u4e00\u6761",
    "description": "       \u00A7f\u884c\u8f66\u4e0d\u89c4\u8303\uff0c\u4eb2\u4eba\u4e24\u884c\u6cea",
    "frame": "goal",
    "show_toast": true,
    "announce_to_chat": true,
    "hidden": true
  },
  "criteria": {
    "has_more_green": {
      "trigger": "minecraft:inventory_changed",
      "conditions": {
        "items": [
          {
            "item": "minecraft:tnt_minecart"
          }
        ]
      }
    }
  },
  "requirements": [
    [
      "has_more_green"
    ]
  ]
}