{
  "parent": "living:adventure/more_green",
  "display": {
    "icon": {
      "item": "minecraft:scute"
    },
    "title": "\u7eff\u4e4b\u788e\u7247",
    "description": "\u8fd8\u8fdc\u8fdc\u4e0d\u591f",
    "frame": "goal",
    "show_toast": true,
    "announce_to_chat": true,
    "hidden": true
  },
  "criteria": {
    "has_more_green": {
      "trigger": "minecraft:inventory_changed",
      "conditions": {
        "items": [
          {
            "item": "scute"
          }
        ]
      }
    }
  },
  "requirements": [
    [
      "has_more_green"
    ]
  ]
}