{
  "parent": "living:adventure/green_piece",
  "display": {
    "icon": {
      "item": "minecraft:turtle_helmet"
    },
    "title": "\u00A7a\u7eff\u5e3d\u5b50",
    "description": "\u00A7a\u6234\u4e0a\u5b83\uff0c\u4f60\u5c06\u83b7\u5f97\u65e0\u7a77\u529b\u91cf",
    "frame": "goal",
    "show_toast": true,
    "announce_to_chat": true,
    "hidden": false
  },
  "criteria": {
    "has_more_green": {
      "trigger": "minecraft:inventory_changed",
      "conditions": {
        "items": [
          {
            "item": "turtle_helmet"
          }
        ]
      }
    }
  },
  "requirements": [
    [
      "has_more_green"
    ]
  ]
}