{
  "parent": "living:adventure/root",
  "display": {
    "icon": {
      "item": "minecraft:emerald_block"
    },
    "title": "\u7cbe\u76ca\u6c42\u7cbe",
    "description": "\u5bc6\u5ea6\u518d\u5927\u4e00\u70b9\u2026\u2026",
    "frame": "task",
    "show_toast": true,
    "announce_to_chat": true,
    "hidden": false
  },
  "criteria": {
    "has_more_green": {
      "trigger": "minecraft:inventory_changed",
      "conditions": {
        "items": [
          {
            "item": "minecraft:emerald_block"
          }
        ]
      }
    }
  },
  "requirements": [
    [
      "has_more_green"
    ]
  ]
}