{
  "display": {
    "icon": {
      "item": "minecraft:emerald"
    },
    "title": "\u7EFF\u4E4B\u7CBE\u534E",
    "description": "\u00A7a\u63d0\u70bc\u51fa\u4e16\u754c\u4e4b\u7eff",
    "frame": "challenge",
    "show_toast": true,
    "announce_to_chat": true,
    "hidden": false,
    "background": 
"minecraft:textures/block/lime_concrete.png"
  },
  "criteria": {
    "crafting_table": {
      "trigger": "minecraft:inventory_changed",
      "conditions": {
        "items": [
          {
            "item": "minecraft:emerald"
          }
        ]
      }
    }
  },
  "requirements": [
    [
      "crafting_table"
    ]
  ],
  "rewards": {
    "experience": 50000
  }
}