{
  "parent": "living:adventure/villager",
  "display": {
    "icon": {
      "item": "minecraft:wooden_hoe"
    },
    "title": "\u786e\u8ba4\uff1a\u5de5\u5177\u4eba\u65e0\u7591",
    "description":"\u591a\u529f\u80fd\u5de5\u5177\u4eba",
    "frame": "task",
    "show_toast": true,
    "announce_to_chat": true,
    "hidden": false
  },
  "criteria": {
    "traded": {
      "trigger": "minecraft:cured_zombie_villager",
      "conditions": { }
    }
  },
  "requirements": [
    [
      "traded"
    ]
  ]
}