{
  "display": {
    "icon": {
      "item": "minecraft:emerald"
    },
    "title": "\u7EFF\u4E4B\u7CBE\u534E",
    "description": "\u00A7a\u65E0\u8BBA\u5982\u4F55\uFF0C\u4F60\u5DF2\u83B7\u5F97\u4E86\u8FD9\u6700\u4FDD\u62A4\u8272\u7684\u4E1C\u897F",
    "frame": "challenge",
    "show_toast": true,
    "announce_to_chat": true,
    "hidden": false,
    "background": 
"minecraft:textures/block/emerald_block.png"
  },
  "criteria": {
    "crafting_table": {
      "trigger": "minecraft:inventory_changed",
      "conditions": {
        "items": [
          {
            "item": "minecraft:emerald"
          }
        ]
      }
    }
  },
  "requirements": [
    [
      "crafting_table"
    ]
  ]
}