{
  "parent": "living:adventure/root",
  "display": {
    "icon": {
      "item": "minecraft:villager_spawn_egg"
    },
    "title": "\u5978\u5546\u8fd8\u662f\u5de5\u5177\u4eba\uff1f",
    "description": "\u5f00\u59cb\u4eba\u9020\u4eba",
    "frame": "task",
    "show_toast": true,
    "announce_to_chat": true,
    "hidden": false
  },
  "criteria": {
    "has_more_green": {
      "trigger": "minecraft:inventory_changed",
      "conditions": {
        "items": [
          {
            "item": "minecraft:villager_spawn_egg"
          }
        ]
      }
    }
  },
  "requirements": [
    [
      "has_more_green"
    ]
  ]
}