{
  "parent": "living:adventure/villager",
  "display": {
    "icon": {
      "item": "minecraft:zombie_villager_spawn_egg"
    },
    "title": "\u65b0\u51a0\u75ab\u60c5",
    "description": "\u4ea4\u53c9\u611f\u67d3",
    "frame": "task",
    "show_toast": true,
    "announce_to_chat": true,
    "hidden": false
  },
  "criteria": {
    "has_more_green": {
      "trigger": "minecraft:inventory_changed",
      "conditions": {
        "items": [
          {
            "item": "minecraft:zombie_villager_spawn_egg"
          }
        ]
      }
    }
  },
  "requirements": [
    [
      "has_more_green"
    ]
  ]
}